{"SandhyR\\TheBridge\\libs\\CortexPE\\Commando":{"name":"Commando","antigen":"CortexPE\\Commando","api":"4.0.0","version":"3.1.0","author":"CortexPE","build":{"builder":"PoggitCI\/1.0-beta\/beta poggit-virion\/1.0","builderName":"poggit","buildTime":"2022-04-24T05:04:54+00:00","poggitBuildId":130493,"buildClass":"Dev","projectId":11014,"projectBuildNumber":1,"fromCommit":"1bc17db2b7d3177720756b082a9a96e8eefedff3","poggitResourceId":172331}},"SandhyR\\TheBridge\\libs\\jackmd\\scorefactory":{"name":"ScoreFactory","version":"3.1.0","api":"4.0.0","antigen":"jackmd\\scorefactory","authors":["JackMD","TwistedAsylumMC"],"php":8,"build":{"builder":"PoggitCI\/1.0-beta\/beta poggit-virion\/1.0","builderName":"poggit","buildTime":"2022-02-18T18:12:23+00:00","poggitBuildId":124262,"buildClass":"Dev","projectId":4142,"projectBuildNumber":35,"fromCommit":"cfb6e88b3534bbd29699c7a1b245dd86fd8886d3","poggitResourceId":162484}}}